{"slope": 0.008992492492232138, "intercept": -0.9030538711175659}